"CUSTOMER_RK";"report_dttm";"CNT_CH_REQ_EQS_3M";"CNT_CH_REQ_NBKI_3M";"CNT_CH_REQ_OKB_3M";"CNT_CH_REQ_EQS_2M";"CNT_CH_REQ_NBKI_2M";"CNT_CH_REQ_OKB_2M";"CNT_CH_REQ_EQS_1M";"CNT_CH_REQ_NBKI_1M";"CNT_CH_REQ_OKB_1M"
1489;2022-03-23 18:50:11.576 +0300;2;0;1;2;0;1;2;0;1
1269;2022-03-23 18:50:11.576 +0300;1;1;1;1;1;1;1;1;1
1560;2022-03-23 18:50:11.576 +0300;1;1;0;1;1;0;1;1;0
1587;2022-03-23 18:50:11.576 +0300;2;0;0;2;0;0;2;0;0
951;2022-03-23 18:50:11.576 +0300;1;2;1;1;2;1;1;2;1
839;2022-03-23 18:50:11.576 +0300;1;0;0;1;0;0;1;0;0
1075;2022-03-23 18:50:11.576 +0300;0;1;0;0;1;0;0;1;0
758;2022-03-23 18:50:11.576 +0300;1;2;1;1;2;1;1;2;1
1108;2022-03-23 18:50:11.576 +0300;1;1;0;1;1;0;1;1;0
1128;2022-03-23 18:50:11.576 +0300;0;0;2;0;0;2;0;0;2
1284;2022-03-23 18:50:11.576 +0300;1;0;1;1;0;1;1;0;1
874;2022-03-23 18:50:11.576 +0300;0;0;1;0;0;1;0;0;1
1691;2022-03-23 18:50:11.576 +0300;2;2;1;2;2;1;2;2;1
1136;2022-03-23 18:50:11.576 +0300;1;2;0;1;2;0;1;2;0
946;2022-03-23 18:50:11.576 +0300;0;2;1;0;2;1;0;2;1
1494;2022-03-23 18:50:11.576 +0300;3;1;2;3;1;2;3;1;2
1003;2022-03-23 18:50:11.576 +0300;1;2;2;1;2;2;1;2;2
1045;2022-03-23 18:50:11.576 +0300;2;0;1;2;0;1;2;0;1
1331;2022-03-23 18:50:11.576 +0300;2;1;1;2;1;1;2;1;1
929;2022-03-23 18:50:11.576 +0300;0;1;0;0;1;0;0;1;0
1307;2022-03-23 18:50:11.576 +0300;1;1;2;1;1;2;1;1;2
770;2022-03-23 18:50:11.576 +0300;1;1;1;1;1;1;1;1;1
1552;2022-03-23 18:50:11.576 +0300;1;3;0;1;3;0;1;3;0
1589;2022-03-23 18:50:11.576 +0300;1;1;1;1;1;1;1;1;1
1558;2022-03-23 18:50:11.576 +0300;2;2;2;2;2;2;2;2;2
1493;2022-03-23 18:50:11.576 +0300;0;0;1;0;0;1;0;0;1
1373;2022-03-23 18:50:11.576 +0300;1;0;2;1;0;2;1;0;2
764;2022-03-23 18:50:11.576 +0300;1;1;2;1;1;2;1;1;2
1175;2022-03-23 18:50:11.576 +0300;0;1;1;0;1;1;0;1;1
1268;2022-03-23 18:50:11.576 +0300;1;0;0;1;0;0;1;0;0
791;2022-03-23 18:50:11.576 +0300;1;0;1;1;0;1;1;0;1
775;2022-03-23 18:50:11.576 +0300;2;1;1;2;1;1;2;1;1
940;2022-03-23 18:50:11.576 +0300;2;0;3;2;0;3;2;0;3
1018;2022-03-23 18:50:11.576 +0300;1;1;1;1;1;1;1;1;1
1263;2022-03-23 18:50:11.576 +0300;1;1;2;1;1;2;1;1;2
876;2022-03-23 18:50:11.576 +0300;0;2;1;0;2;1;0;2;1
1682;2022-03-23 18:50:11.576 +0300;2;1;0;2;1;0;2;1;0
1431;2022-03-23 18:50:11.576 +0300;0;0;1;0;0;1;0;0;1
1595;2022-03-23 18:50:11.576 +0300;1;1;1;1;1;1;1;1;1
1372;2022-03-23 18:50:11.576 +0300;3;1;2;3;1;2;3;1;2
1289;2022-03-23 18:50:11.576 +0300;1;1;1;1;1;1;1;1;1
802;2022-03-23 18:50:11.576 +0300;3;2;1;3;2;1;3;2;1
815;2022-03-23 18:50:11.576 +0300;1;3;0;1;3;0;1;3;0
695;2022-03-23 18:50:11.576 +0300;1;2;2;1;2;2;1;2;2
1422;2022-03-23 18:50:11.576 +0300;2;1;0;2;1;0;2;1;0
1415;2022-03-23 18:50:11.576 +0300;1;1;0;1;1;0;1;1;0
1004;2022-03-23 18:50:11.576 +0300;4;3;0;4;3;0;4;3;0
794;2022-03-23 18:50:11.576 +0300;0;0;1;0;0;1;0;0;1
1313;2022-03-23 18:50:11.576 +0300;4;0;0;4;0;0;4;0;0
1510;2022-03-23 18:50:11.576 +0300;0;2;1;0;2;1;0;2;1
824;2022-03-23 18:50:11.576 +0300;1;0;1;1;0;1;1;0;1
1368;2022-03-23 18:50:11.576 +0300;2;1;0;2;1;0;2;1;0
1262;2022-03-23 18:50:11.576 +0300;1;2;0;1;2;0;1;2;0
1692;2022-03-23 18:50:11.576 +0300;2;0;1;2;0;1;2;0;1
1194;2022-03-23 18:50:11.576 +0300;2;2;1;2;2;1;2;2;1
1143;2022-03-23 18:50:11.576 +0300;0;2;0;0;2;0;0;2;0
1463;2022-03-23 18:50:11.576 +0300;2;0;0;2;0;0;2;0;0
769;2022-03-23 18:50:11.576 +0300;2;1;0;2;1;0;2;1;0
1550;2022-03-23 18:50:11.576 +0300;2;1;2;2;1;2;2;1;2
1287;2022-03-23 18:50:11.576 +0300;0;1;0;0;1;0;0;1;0
1162;2022-03-23 18:50:11.576 +0300;3;0;2;3;0;2;3;0;2
1644;2022-03-23 18:50:11.576 +0300;1;0;3;1;0;3;1;0;3
841;2022-03-23 18:50:11.576 +0300;1;1;0;1;1;0;1;1;0
1030;2022-03-23 18:50:11.576 +0300;1;1;2;1;1;2;1;1;2
1694;2022-03-23 18:50:11.576 +0300;2;1;0;2;1;0;2;1;0
1614;2022-03-23 18:50:11.576 +0300;1;1;0;1;1;0;1;1;0
1239;2022-03-23 18:50:11.576 +0300;1;1;0;1;1;0;1;1;0
803;2022-03-23 18:50:11.576 +0300;2;0;0;2;0;0;2;0;0
1606;2022-03-23 18:50:11.576 +0300;0;1;2;0;1;2;0;1;2
1312;2022-03-23 18:50:11.576 +0300;1;4;1;1;4;1;1;4;1
743;2022-03-23 18:50:11.576 +0300;1;0;2;1;0;2;1;0;2
1484;2022-03-23 18:50:11.576 +0300;1;2;0;1;2;0;1;2;0
963;2022-03-23 18:50:11.576 +0300;1;1;0;1;1;0;1;1;0
1602;2022-03-23 18:50:11.576 +0300;2;1;2;2;1;2;2;1;2
1278;2022-03-23 18:50:11.576 +0300;0;0;2;0;0;2;0;0;2
1662;2022-03-23 18:50:11.576 +0300;2;1;1;2;1;1;2;1;1
823;2022-03-23 18:50:11.576 +0300;2;1;2;2;1;2;2;1;2
822;2022-03-23 18:50:11.576 +0300;1;2;0;1;2;0;1;2;0
1118;2022-03-23 18:50:11.576 +0300;2;1;2;2;1;2;2;1;2
1025;2022-03-23 18:50:11.576 +0300;0;1;2;0;1;2;0;1;2
1007;2022-03-23 18:50:11.576 +0300;1;2;2;1;2;2;1;2;2
1319;2022-03-23 18:50:11.576 +0300;1;0;1;1;0;1;1;0;1
1266;2022-03-23 18:50:11.576 +0300;2;1;1;2;1;1;2;1;1
1104;2022-03-23 18:50:11.576 +0300;1;1;0;1;1;0;1;1;0
699;2022-03-23 18:50:11.576 +0300;0;0;1;0;0;1;0;0;1
1603;2022-03-23 18:50:11.576 +0300;1;1;2;1;1;2;1;1;2
1664;2022-03-23 18:50:11.576 +0300;0;1;1;0;1;1;0;1;1
1190;2022-03-23 18:50:11.576 +0300;3;2;2;3;2;2;3;2;2
714;2022-03-23 18:50:11.576 +0300;2;1;1;2;1;1;2;1;1
906;2022-03-23 18:50:11.576 +0300;1;0;2;1;0;2;1;0;2
1321;2022-03-23 18:50:11.576 +0300;1;3;0;1;3;0;1;3;0
909;2022-03-23 18:50:11.576 +0300;1;1;1;1;1;1;1;1;1
745;2022-03-23 18:50:11.576 +0300;0;1;2;0;1;2;0;1;2
1078;2022-03-23 18:50:11.576 +0300;1;1;0;1;1;0;1;1;0
1522;2022-03-23 18:50:11.576 +0300;1;0;2;1;0;2;1;0;2
1216;2022-03-23 18:50:11.576 +0300;2;3;2;2;3;2;2;3;2
1685;2022-03-23 18:50:11.576 +0300;1;1;0;1;1;0;1;1;0
1049;2022-03-23 18:50:11.576 +0300;1;0;1;1;0;1;1;0;1
1279;2022-03-23 18:50:11.576 +0300;1;3;2;1;3;2;1;3;2
1403;2022-03-23 18:50:11.576 +0300;0;1;1;0;1;1;0;1;1
747;2022-03-23 18:50:11.576 +0300;2;1;1;2;1;1;2;1;1
1006;2022-03-23 18:50:11.576 +0300;1;1;1;1;1;1;1;1;1
1324;2022-03-23 18:50:11.576 +0300;1;1;0;1;1;0;1;1;0
1008;2022-03-23 18:50:11.576 +0300;3;1;1;3;1;1;3;1;1
777;2022-03-23 18:50:11.576 +0300;1;1;2;1;1;2;1;1;2
1098;2022-03-23 18:50:11.576 +0300;1;1;0;1;1;0;1;1;0
1325;2022-03-23 18:50:11.576 +0300;1;3;0;1;3;0;1;3;0
922;2022-03-23 18:50:11.576 +0300;1;1;2;1;1;2;1;1;2
787;2022-03-23 18:50:11.576 +0300;0;1;0;0;1;0;0;1;0
1548;2022-03-23 18:50:11.576 +0300;1;1;1;1;1;1;1;1;1
750;2022-03-23 18:50:11.576 +0300;3;2;2;3;2;2;3;2;2
1679;2022-03-23 18:50:11.576 +0300;2;2;1;2;2;1;2;2;1
977;2022-03-23 18:50:11.576 +0300;0;2;0;0;2;0;0;2;0
1507;2022-03-23 18:50:11.576 +0300;0;3;2;0;3;2;0;3;2
1549;2022-03-23 18:50:11.576 +0300;2;1;1;2;1;1;2;1;1
811;2022-03-23 18:50:11.576 +0300;1;0;2;1;0;2;1;0;2
1474;2022-03-23 18:50:11.576 +0300;1;2;0;1;2;0;1;2;0
1616;2022-03-23 18:50:11.576 +0300;2;3;1;2;3;1;2;3;1
1613;2022-03-23 18:50:11.576 +0300;1;0;0;1;0;0;1;0;0
814;2022-03-23 18:50:11.576 +0300;2;1;4;2;1;4;2;1;4
850;2022-03-23 18:50:11.576 +0300;1;1;3;1;1;3;1;1;3
1629;2022-03-23 18:50:11.576 +0300;1;0;1;1;0;1;1;0;1
926;2022-03-23 18:50:11.576 +0300;1;1;1;1;1;1;1;1;1
1009;2022-03-23 18:50:11.576 +0300;1;0;2;1;0;2;1;0;2
1460;2022-03-23 18:50:11.576 +0300;0;3;1;0;3;1;0;3;1
853;2022-03-23 18:50:11.576 +0300;3;1;2;3;1;2;3;1;2
1546;2022-03-23 18:50:11.576 +0300;1;2;1;1;2;1;1;2;1
1349;2022-03-23 18:50:11.576 +0300;0;2;1;0;2;1;0;2;1
1050;2022-03-23 18:50:11.576 +0300;1;0;0;1;0;0;1;0;0
1619;2022-03-23 18:50:11.576 +0300;0;1;1;0;1;1;0;1;1
799;2022-03-23 18:50:11.576 +0300;1;2;0;1;2;0;1;2;0
1523;2022-03-23 18:50:11.576 +0300;0;0;1;0;0;1;0;0;1
1259;2022-03-23 18:50:11.576 +0300;2;0;1;2;0;1;2;0;1
1044;2022-03-23 18:50:11.576 +0300;1;0;2;1;0;2;1;0;2
1062;2022-03-23 18:50:11.576 +0300;2;3;3;2;3;3;2;3;3
942;2022-03-23 18:50:11.576 +0300;2;1;2;2;1;2;2;1;2
1458;2022-03-23 18:50:11.576 +0300;0;0;2;0;0;2;0;0;2
1535;2022-03-23 18:50:11.576 +0300;2;1;2;2;1;2;2;1;2
1697;2022-03-23 18:50:11.576 +0300;2;0;1;2;0;1;2;0;1
1285;2022-03-23 18:50:11.576 +0300;1;2;2;1;2;2;1;2;2
1167;2022-03-23 18:50:11.576 +0300;2;1;2;2;1;2;2;1;2
1583;2022-03-23 18:50:11.576 +0300;1;0;2;1;0;2;1;0;2
1144;2022-03-23 18:50:11.576 +0300;3;0;1;3;0;1;3;0;1
816;2022-03-23 18:50:11.576 +0300;0;1;1;0;1;1;0;1;1
1585;2022-03-23 18:50:11.576 +0300;1;2;1;1;2;1;1;2;1
1646;2022-03-23 18:50:11.576 +0300;1;2;3;1;2;3;1;2;3
1447;2022-03-23 18:50:11.576 +0300;1;2;0;1;2;0;1;2;0
1398;2022-03-23 18:50:11.576 +0300;2;2;0;2;2;0;2;2;0
1022;2022-03-23 18:50:11.576 +0300;1;1;2;1;1;2;1;1;2
778;2022-03-23 18:50:11.576 +0300;1;1;2;1;1;2;1;1;2
944;2022-03-23 18:50:11.576 +0300;4;2;2;4;2;2;4;2;2
847;2022-03-23 18:50:11.576 +0300;1;0;3;1;0;3;1;0;3
1336;2022-03-23 18:50:11.576 +0300;1;1;1;1;1;1;1;1;1
1170;2022-03-23 18:50:11.576 +0300;2;4;3;2;4;3;2;4;3
945;2022-03-23 18:50:11.576 +0300;2;1;1;2;1;1;2;1;1
1371;2022-03-23 18:50:11.576 +0300;2;0;1;2;0;1;2;0;1
948;2022-03-23 18:50:11.576 +0300;1;2;1;1;2;1;1;2;1
1434;2022-03-23 18:50:11.576 +0300;2;1;1;2;1;1;2;1;1
1203;2022-03-23 18:50:11.576 +0300;0;1;3;0;1;3;0;1;3
1250;2022-03-23 18:50:11.576 +0300;1;1;2;1;1;2;1;1;2
965;2022-03-23 18:50:11.576 +0300;1;2;0;1;2;0;1;2;0
840;2022-03-23 18:50:11.576 +0300;0;1;1;0;1;1;0;1;1
1378;2022-03-23 18:50:11.576 +0300;1;1;1;1;1;1;1;1;1
1038;2022-03-23 18:50:11.576 +0300;1;2;1;1;2;1;1;2;1
936;2022-03-23 18:50:11.576 +0300;0;0;1;0;0;1;0;0;1
1561;2022-03-23 18:50:11.576 +0300;0;1;1;0;1;1;0;1;1
981;2022-03-23 18:50:11.576 +0300;2;2;3;2;2;3;2;2;3
921;2022-03-23 18:50:11.576 +0300;1;2;2;1;2;2;1;2;2
1334;2022-03-23 18:50:11.576 +0300;1;2;1;1;2;1;1;2;1
1221;2022-03-23 18:50:11.576 +0300;0;0;2;0;0;2;0;0;2
1227;2022-03-23 18:50:11.576 +0300;0;1;0;0;1;0;0;1;0
1295;2022-03-23 18:50:11.576 +0300;0;1;2;0;1;2;0;1;2
1126;2022-03-23 18:50:11.576 +0300;2;2;1;2;2;1;2;2;1
1678;2022-03-23 18:50:11.576 +0300;1;2;2;1;2;2;1;2;2
1217;2022-03-23 18:50:11.576 +0300;2;1;2;2;1;2;2;1;2
984;2022-03-23 18:50:11.576 +0300;1;2;2;1;2;2;1;2;2
937;2022-03-23 18:50:11.576 +0300;0;0;1;0;0;1;0;0;1
1249;2022-03-23 18:50:11.576 +0300;1;0;1;1;0;1;1;0;1
868;2022-03-23 18:50:11.576 +0300;1;2;0;1;2;0;1;2;0
1524;2022-03-23 18:50:11.576 +0300;1;1;3;1;1;3;1;1;3
947;2022-03-23 18:50:11.576 +0300;2;1;1;2;1;1;2;1;1
1411;2022-03-23 18:50:11.576 +0300;0;0;1;0;0;1;0;0;1
1229;2022-03-23 18:50:11.576 +0300;3;1;1;3;1;1;3;1;1
978;2022-03-23 18:50:11.576 +0300;3;0;3;3;0;3;3;0;3
972;2022-03-23 18:50:11.576 +0300;2;2;0;2;2;0;2;2;0
761;2022-03-23 18:50:11.576 +0300;2;4;1;2;4;1;2;4;1
1084;2022-03-23 18:50:11.576 +0300;1;0;1;1;0;1;1;0;1
1681;2022-03-23 18:50:11.576 +0300;0;1;0;0;1;0;0;1;0
904;2022-03-23 18:50:11.576 +0300;1;0;2;1;0;2;1;0;2
1337;2022-03-23 18:50:11.576 +0300;0;2;0;0;2;0;0;2;0
690;2022-03-23 18:50:11.576 +0300;1;1;3;1;1;3;1;1;3
1477;2022-03-23 18:50:11.576 +0300;1;1;2;1;1;2;1;1;2
1209;2022-03-23 18:50:11.576 +0300;0;2;0;0;2;0;0;2;0
1428;2022-03-23 18:50:11.576 +0300;1;1;2;1;1;2;1;1;2
1151;2022-03-23 18:50:11.576 +0300;2;1;0;2;1;0;2;1;0
1569;2022-03-23 18:50:11.576 +0300;0;1;1;0;1;1;0;1;1
862;2022-03-23 18:50:11.576 +0300;2;1;0;2;1;0;2;1;0
1185;2022-03-23 18:50:11.576 +0300;1;0;1;1;0;1;1;0;1
1674;2022-03-23 18:50:11.576 +0300;1;2;1;1;2;1;1;2;1
793;2022-03-23 18:50:11.576 +0300;2;1;1;2;1;1;2;1;1
1265;2022-03-23 18:50:11.576 +0300;1;0;2;1;0;2;1;0;2
702;2022-03-23 18:50:11.576 +0300;1;1;0;1;1;0;1;1;0
1101;2022-03-23 18:50:11.576 +0300;0;1;1;0;1;1;0;1;1
1048;2022-03-23 18:50:11.576 +0300;0;1;2;0;1;2;0;1;2
1620;2022-03-23 18:50:11.576 +0300;0;1;0;0;1;0;0;1;0
1570;2022-03-23 18:50:11.576 +0300;1;1;1;1;1;1;1;1;1
883;2022-03-23 18:50:11.576 +0300;0;3;2;0;3;2;0;3;2
726;2022-03-23 18:50:11.576 +0300;0;1;1;0;1;1;0;1;1
1146;2022-03-23 18:50:11.576 +0300;0;0;1;0;0;1;0;0;1
1544;2022-03-23 18:50:11.576 +0300;2;1;0;2;1;0;2;1;0
1215;2022-03-23 18:50:11.576 +0300;0;0;2;0;0;2;0;0;2
1632;2022-03-23 18:50:11.576 +0300;0;2;2;0;2;2;0;2;2
1210;2022-03-23 18:50:11.576 +0300;3;2;2;3;2;2;3;2;2
719;2022-03-23 18:50:11.576 +0300;1;0;1;1;0;1;1;0;1
756;2022-03-23 18:50:11.576 +0300;1;2;3;1;2;3;1;2;3
1665;2022-03-23 18:50:11.576 +0300;2;1;0;2;1;0;2;1;0
1476;2022-03-23 18:50:11.576 +0300;2;0;1;2;0;1;2;0;1
933;2022-03-23 18:50:11.576 +0300;2;2;0;2;2;0;2;2;0
1296;2022-03-23 18:50:11.576 +0300;0;1;1;0;1;1;0;1;1
1238;2022-03-23 18:50:11.576 +0300;2;1;2;2;1;2;2;1;2
1354;2022-03-23 18:50:11.576 +0300;3;2;1;3;2;1;3;2;1
1120;2022-03-23 18:50:11.576 +0300;1;4;2;1;4;2;1;4;2
1574;2022-03-23 18:50:11.576 +0300;2;1;0;2;1;0;2;1;0
1257;2022-03-23 18:50:11.576 +0300;1;0;2;1;0;2;1;0;2
1283;2022-03-23 18:50:11.576 +0300;2;3;0;2;3;0;2;3;0
1503;2022-03-23 18:50:11.576 +0300;1;2;1;1;2;1;1;2;1
1645;2022-03-23 18:50:11.576 +0300;2;2;2;2;2;2;2;2;2
1306;2022-03-23 18:50:11.576 +0300;2;1;0;2;1;0;2;1;0
899;2022-03-23 18:50:11.576 +0300;2;1;0;2;1;0;2;1;0
935;2022-03-23 18:50:11.576 +0300;2;0;1;2;0;1;2;0;1
748;2022-03-23 18:50:11.576 +0300;0;2;0;0;2;0;0;2;0
1666;2022-03-23 18:50:11.576 +0300;0;3;1;0;3;1;0;3;1
696;2022-03-23 18:50:11.576 +0300;0;3;1;0;3;1;0;3;1
969;2022-03-23 18:50:11.576 +0300;2;0;2;2;0;2;2;0;2
1179;2022-03-23 18:50:11.576 +0300;1;2;1;1;2;1;1;2;1
1253;2022-03-23 18:50:11.576 +0300;1;1;1;1;1;1;1;1;1
1700;2022-03-23 18:50:11.576 +0300;1;0;1;1;0;1;1;0;1
898;2022-03-23 18:50:11.576 +0300;0;3;3;0;3;3;0;3;3
1145;2022-03-23 18:50:11.576 +0300;1;0;0;1;0;0;1;0;0
970;2022-03-23 18:50:11.576 +0300;1;0;2;1;0;2;1;0;2
732;2022-03-23 18:50:11.576 +0300;1;0;1;1;0;1;1;0;1
837;2022-03-23 18:50:11.576 +0300;3;0;0;3;0;0;3;0;0
826;2022-03-23 18:50:11.576 +0300;1;1;1;1;1;1;1;1;1
1627;2022-03-23 18:50:11.576 +0300;0;1;0;0;1;0;0;1;0
1226;2022-03-23 18:50:11.576 +0300;2;0;1;2;0;1;2;0;1
911;2022-03-23 18:50:11.576 +0300;2;0;1;2;0;1;2;0;1
734;2022-03-23 18:50:11.576 +0300;0;2;2;0;2;2;0;2;2
855;2022-03-23 18:50:11.576 +0300;1;1;1;1;1;1;1;1;1
1615;2022-03-23 18:50:11.576 +0300;0;1;1;0;1;1;0;1;1
1272;2022-03-23 18:50:11.576 +0300;1;0;2;1;0;2;1;0;2
1563;2022-03-23 18:50:11.576 +0300;3;2;1;3;2;1;3;2;1
1248;2022-03-23 18:50:11.576 +0300;1;1;0;1;1;0;1;1;0
1219;2022-03-23 18:50:11.576 +0300;2;2;0;2;2;0;2;2;0
967;2022-03-23 18:50:11.576 +0300;1;0;1;1;0;1;1;0;1
870;2022-03-23 18:50:11.576 +0300;1;1;0;1;1;0;1;1;0
1564;2022-03-23 18:50:11.576 +0300;0;2;0;0;2;0;0;2;0
1397;2022-03-23 18:50:11.576 +0300;2;2;1;2;2;1;2;2;1
836;2022-03-23 18:50:11.576 +0300;2;1;3;2;1;3;2;1;3
1579;2022-03-23 18:50:11.576 +0300;3;1;3;3;1;3;3;1;3
784;2022-03-23 18:50:11.576 +0300;2;0;1;2;0;1;2;0;1
1571;2022-03-23 18:50:11.576 +0300;2;1;1;2;1;1;2;1;1
711;2022-03-23 18:50:11.576 +0300;1;2;1;1;2;1;1;2;1
1565;2022-03-23 18:50:11.576 +0300;0;0;1;0;0;1;0;0;1
780;2022-03-23 18:50:11.576 +0300;0;1;0;0;1;0;0;1;0
768;2022-03-23 18:50:11.576 +0300;1;0;3;1;0;3;1;0;3
1668;2022-03-23 18:50:11.576 +0300;1;3;0;1;3;0;1;3;0
1036;2022-03-23 18:50:11.576 +0300;2;4;0;2;4;0;2;4;0
838;2022-03-23 18:50:11.576 +0300;0;2;2;0;2;2;0;2;2
1301;2022-03-23 18:50:11.576 +0300;1;2;1;1;2;1;1;2;1
1057;2022-03-23 18:50:11.576 +0300;0;1;1;0;1;1;0;1;1
1467;2022-03-23 18:50:11.576 +0300;0;3;0;0;3;0;0;3;0
717;2022-03-23 18:50:11.576 +0300;1;4;1;1;4;1;1;4;1
1046;2022-03-23 18:50:11.576 +0300;3;1;0;3;1;0;3;1;0
1328;2022-03-23 18:50:11.576 +0300;0;1;2;0;1;2;0;1;2
703;2022-03-23 18:50:11.576 +0300;2;1;0;2;1;0;2;1;0
1161;2022-03-23 18:50:11.576 +0300;1;1;0;1;1;0;1;1;0
843;2022-03-23 18:50:11.576 +0300;2;0;1;2;0;1;2;0;1
710;2022-03-23 18:50:11.576 +0300;0;1;1;0;1;1;0;1;1
1016;2022-03-23 18:50:11.576 +0300;0;2;1;0;2;1;0;2;1
1647;2022-03-23 18:50:11.576 +0300;2;2;2;2;2;2;2;2;2
1684;2022-03-23 18:50:11.576 +0300;0;1;1;0;1;1;0;1;1
1015;2022-03-23 18:50:11.576 +0300;2;0;0;2;0;0;2;0;0
1661;2022-03-23 18:50:11.576 +0300;1;2;2;1;2;2;1;2;2
954;2022-03-23 18:50:11.576 +0300;2;3;2;2;3;2;2;3;2
1218;2022-03-23 18:50:11.576 +0300;1;0;1;1;0;1;1;0;1
1639;2022-03-23 18:50:11.576 +0300;0;3;2;0;3;2;0;3;2
800;2022-03-23 18:50:11.576 +0300;1;1;1;1;1;1;1;1;1
1495;2022-03-23 18:50:11.576 +0300;2;0;3;2;0;3;2;0;3
1021;2022-03-23 18:50:11.576 +0300;1;0;2;1;0;2;1;0;2
1165;2022-03-23 18:50:11.576 +0300;2;0;0;2;0;0;2;0;0
1077;2022-03-23 18:50:11.576 +0300;1;1;0;1;1;0;1;1;0
1608;2022-03-23 18:50:11.576 +0300;4;0;0;4;0;0;4;0;0
796;2022-03-23 18:50:11.576 +0300;2;0;2;2;0;2;2;0;2
1281;2022-03-23 18:50:11.576 +0300;1;0;1;1;0;1;1;0;1
1247;2022-03-23 18:50:11.576 +0300;1;0;0;1;0;0;1;0;0
1429;2022-03-23 18:50:11.576 +0300;1;1;0;1;1;0;1;1;0
1409;2022-03-23 18:50:11.576 +0300;1;0;0;1;0;0;1;0;0
807;2022-03-23 18:50:11.576 +0300;2;1;4;2;1;4;2;1;4
1427;2022-03-23 18:50:11.576 +0300;0;1;1;0;1;1;0;1;1
1658;2022-03-23 18:50:11.576 +0300;2;2;1;2;2;1;2;2;1
1173;2022-03-23 18:50:11.576 +0300;1;1;1;1;1;1;1;1;1
1622;2022-03-23 18:50:11.576 +0300;1;0;1;1;0;1;1;0;1
1261;2022-03-23 18:50:11.576 +0300;0;1;1;0;1;1;0;1;1
1508;2022-03-23 18:50:11.576 +0300;1;2;3;1;2;3;1;2;3
974;2022-03-23 18:50:11.576 +0300;1;1;0;1;1;0;1;1;0
829;2022-03-23 18:50:11.576 +0300;2;2;0;2;2;0;2;2;0
1557;2022-03-23 18:50:11.576 +0300;0;2;2;0;2;2;0;2;2
1406;2022-03-23 18:50:11.576 +0300;1;1;2;1;1;2;1;1;2
1149;2022-03-23 18:50:11.576 +0300;0;2;1;0;2;1;0;2;1
1370;2022-03-23 18:50:11.576 +0300;2;1;1;2;1;1;2;1;1
1115;2022-03-23 18:50:11.576 +0300;1;0;0;1;0;0;1;0;0
1401;2022-03-23 18:50:11.576 +0300;1;2;1;1;2;1;1;2;1
1383;2022-03-23 18:50:11.576 +0300;2;0;1;2;0;1;2;0;1
1199;2022-03-23 18:50:11.576 +0300;3;0;1;3;0;1;3;0;1
1345;2022-03-23 18:50:11.576 +0300;2;0;1;2;0;1;2;0;1
1316;2022-03-23 18:50:11.576 +0300;1;0;1;1;0;1;1;0;1
723;2022-03-23 18:50:11.576 +0300;0;1;1;0;1;1;0;1;1
1086;2022-03-23 18:50:11.576 +0300;3;0;2;3;0;2;3;0;2
1513;2022-03-23 18:50:11.576 +0300;1;2;1;1;2;1;1;2;1
722;2022-03-23 18:50:11.576 +0300;1;1;1;1;1;1;1;1;1
953;2022-03-23 18:50:11.576 +0300;2;3;0;2;3;0;2;3;0
1286;2022-03-23 18:50:11.576 +0300;0;1;1;0;1;1;0;1;1
1529;2022-03-23 18:50:11.576 +0300;2;1;2;2;1;2;2;1;2
1153;2022-03-23 18:50:11.576 +0300;2;0;2;2;0;2;2;0;2
1137;2022-03-23 18:50:11.576 +0300;1;0;1;1;0;1;1;0;1
1097;2022-03-23 18:50:11.576 +0300;1;3;1;1;3;1;1;3;1
1374;2022-03-23 18:50:11.576 +0300;2;1;1;2;1;1;2;1;1
1264;2022-03-23 18:50:11.576 +0300;1;3;3;1;3;3;1;3;3
902;2022-03-23 18:50:11.576 +0300;3;1;1;3;1;1;3;1;1
1309;2022-03-23 18:50:11.576 +0300;3;2;1;3;2;1;3;2;1
1142;2022-03-23 18:50:11.576 +0300;1;1;0;1;1;0;1;1;0
1047;2022-03-23 18:50:11.576 +0300;2;1;1;2;1;1;2;1;1
740;2022-03-23 18:50:11.576 +0300;0;0;1;0;0;1;0;0;1
1178;2022-03-23 18:50:11.576 +0300;2;1;1;2;1;1;2;1;1
892;2022-03-23 18:50:11.576 +0300;2;3;1;2;3;1;2;3;1
856;2022-03-23 18:50:11.576 +0300;0;2;3;0;2;3;0;2;3
1083;2022-03-23 18:50:11.576 +0300;0;2;2;0;2;2;0;2;2
1675;2022-03-23 18:50:11.576 +0300;0;1;2;0;1;2;0;1;2
1154;2022-03-23 18:50:11.576 +0300;2;0;3;2;0;3;2;0;3
1663;2022-03-23 18:50:11.576 +0300;1;1;2;1;1;2;1;1;2
1356;2022-03-23 18:50:11.576 +0300;0;1;4;0;1;4;0;1;4
1451;2022-03-23 18:50:11.576 +0300;0;1;1;0;1;1;0;1;1
994;2022-03-23 18:50:11.576 +0300;0;0;2;0;0;2;0;0;2
987;2022-03-23 18:50:11.576 +0300;0;1;2;0;1;2;0;1;2
1099;2022-03-23 18:50:11.576 +0300;1;4;1;1;4;1;1;4;1
852;2022-03-23 18:50:11.576 +0300;1;0;2;1;0;2;1;0;2
865;2022-03-23 18:50:11.576 +0300;1;1;0;1;1;0;1;1;0
1246;2022-03-23 18:50:11.576 +0300;1;1;2;1;1;2;1;1;2
1382;2022-03-23 18:50:11.576 +0300;0;0;1;0;0;1;0;0;1
1206;2022-03-23 18:50:11.576 +0300;0;0;1;0;0;1;0;0;1
962;2022-03-23 18:50:11.576 +0300;1;1;0;1;1;0;1;1;0
1200;2022-03-23 18:50:11.576 +0300;0;3;1;0;3;1;0;3;1
1010;2022-03-23 18:50:11.576 +0300;0;1;2;0;1;2;0;1;2
795;2022-03-23 18:50:11.576 +0300;2;3;0;2;3;0;2;3;0
809;2022-03-23 18:50:11.576 +0300;1;1;2;1;1;2;1;1;2
934;2022-03-23 18:50:11.576 +0300;2;2;1;2;2;1;2;2;1
1690;2022-03-23 18:50:11.576 +0300;1;1;0;1;1;0;1;1;0
908;2022-03-23 18:50:11.576 +0300;2;1;0;2;1;0;2;1;0
1556;2022-03-23 18:50:11.576 +0300;3;1;2;3;1;2;3;1;2
1310;2022-03-23 18:50:11.576 +0300;0;2;0;0;2;0;0;2;0
708;2022-03-23 18:50:11.576 +0300;2;1;1;2;1;1;2;1;1
1630;2022-03-23 18:50:11.576 +0300;0;0;1;0;0;1;0;0;1
1693;2022-03-23 18:50:11.576 +0300;2;1;1;2;1;1;2;1;1
1592;2022-03-23 18:50:11.576 +0300;3;2;1;3;2;1;3;2;1
713;2022-03-23 18:50:11.576 +0300;2;0;2;2;0;2;2;0;2
1135;2022-03-23 18:50:11.576 +0300;2;1;0;2;1;0;2;1;0
1205;2022-03-23 18:50:11.576 +0300;1;1;1;1;1;1;1;1;1
1156;2022-03-23 18:50:11.576 +0300;1;1;0;1;1;0;1;1;0
930;2022-03-23 18:50:11.576 +0300;3;1;0;3;1;0;3;1;0
1395;2022-03-23 18:50:11.576 +0300;2;1;2;2;1;2;2;1;2
701;2022-03-23 18:50:11.576 +0300;0;1;0;0;1;0;0;1;0
1092;2022-03-23 18:50:11.576 +0300;2;1;1;2;1;1;2;1;1
1472;2022-03-23 18:50:11.576 +0300;3;1;4;3;1;4;3;1;4
1414;2022-03-23 18:50:11.576 +0300;2;1;2;2;1;2;2;1;2
1234;2022-03-23 18:50:11.576 +0300;0;1;1;0;1;1;0;1;1
854;2022-03-23 18:50:11.576 +0300;1;0;2;1;0;2;1;0;2
1056;2022-03-23 18:50:11.576 +0300;0;0;2;0;0;2;0;0;2
916;2022-03-23 18:50:11.576 +0300;1;0;1;1;0;1;1;0;1
1471;2022-03-23 18:50:11.576 +0300;0;0;1;0;0;1;0;0;1
863;2022-03-23 18:50:11.576 +0300;2;1;2;2;1;2;2;1;2
1106;2022-03-23 18:50:11.576 +0300;1;1;2;1;1;2;1;1;2
1052;2022-03-23 18:50:11.576 +0300;2;2;0;2;2;0;2;2;0
1413;2022-03-23 18:50:11.576 +0300;1;0;2;1;0;2;1;0;2
754;2022-03-23 18:50:11.576 +0300;1;2;0;1;2;0;1;2;0
1299;2022-03-23 18:50:11.576 +0300;0;1;0;0;1;0;0;1;0
1202;2022-03-23 18:50:11.576 +0300;2;2;1;2;2;1;2;2;1
693;2022-03-23 18:50:11.576 +0300;1;2;0;1;2;0;1;2;0
1400;2022-03-23 18:50:11.576 +0300;0;0;1;0;0;1;0;0;1
1488;2022-03-23 18:50:11.576 +0300;1;2;1;1;2;1;1;2;1
744;2022-03-23 18:50:11.576 +0300;0;0;1;0;0;1;0;0;1
715;2022-03-23 18:50:11.576 +0300;1;1;1;1;1;1;1;1;1
1132;2022-03-23 18:50:11.576 +0300;1;1;1;1;1;1;1;1;1
763;2022-03-23 18:50:11.576 +0300;2;3;2;2;3;2;2;3;2
860;2022-03-23 18:50:11.576 +0300;1;2;1;1;2;1;1;2;1
1066;2022-03-23 18:50:11.576 +0300;1;1;0;1;1;0;1;1;0
1470;2022-03-23 18:50:11.576 +0300;2;0;2;2;0;2;2;0;2
950;2022-03-23 18:50:11.576 +0300;2;0;0;2;0;0;2;0;0
1168;2022-03-23 18:50:11.576 +0300;1;1;1;1;1;1;1;1;1
1159;2022-03-23 18:50:11.576 +0300;1;1;0;1;1;0;1;1;0
1527;2022-03-23 18:50:11.576 +0300;1;1;1;1;1;1;1;1;1
1260;2022-03-23 18:50:11.576 +0300;1;2;1;1;2;1;1;2;1
725;2022-03-23 18:50:11.576 +0300;2;0;2;2;0;2;2;0;2
832;2022-03-23 18:50:11.576 +0300;1;3;1;1;3;1;1;3;1
907;2022-03-23 18:50:11.576 +0300;3;2;1;3;2;1;3;2;1
1624;2022-03-23 18:50:11.576 +0300;0;0;1;0;0;1;0;0;1
1001;2022-03-23 18:50:11.576 +0300;1;0;1;1;0;1;1;0;1
746;2022-03-23 18:50:11.576 +0300;1;1;3;1;1;3;1;1;3
1469;2022-03-23 18:50:11.576 +0300;2;2;1;2;2;1;2;2;1
1609;2022-03-23 18:50:11.576 +0300;1;1;1;1;1;1;1;1;1
806;2022-03-23 18:50:11.576 +0300;3;1;1;3;1;1;3;1;1
939;2022-03-23 18:50:11.576 +0300;1;2;0;1;2;0;1;2;0
834;2022-03-23 18:50:11.576 +0300;2;2;0;2;2;0;2;2;0
831;2022-03-23 18:50:11.576 +0300;1;2;2;1;2;2;1;2;2
813;2022-03-23 18:50:11.576 +0300;1;1;1;1;1;1;1;1;1
1164;2022-03-23 18:50:11.576 +0300;0;1;2;0;1;2;0;1;2
1298;2022-03-23 18:50:11.576 +0300;2;1;2;2;1;2;2;1;2
1335;2022-03-23 18:50:11.576 +0300;1;0;2;1;0;2;1;0;2
1443;2022-03-23 18:50:11.576 +0300;1;0;1;1;0;1;1;0;1
1305;2022-03-23 18:50:11.576 +0300;0;3;0;0;3;0;0;3;0
1344;2022-03-23 18:50:11.576 +0300;1;2;1;1;2;1;1;2;1
1568;2022-03-23 18:50:11.576 +0300;1;2;1;1;2;1;1;2;1
1496;2022-03-23 18:50:11.576 +0300;0;2;0;0;2;0;0;2;0
1446;2022-03-23 18:50:11.576 +0300;2;2;1;2;2;1;2;2;1
1375;2022-03-23 18:50:11.576 +0300;0;2;2;0;2;2;0;2;2
891;2022-03-23 18:50:11.576 +0300;0;1;2;0;1;2;0;1;2
1430;2022-03-23 18:50:11.576 +0300;1;2;2;1;2;2;1;2;2
1297;2022-03-23 18:50:11.576 +0300;0;0;2;0;0;2;0;0;2
1419;2022-03-23 18:50:11.576 +0300;2;1;1;2;1;1;2;1;1
918;2022-03-23 18:50:11.576 +0300;0;1;0;0;1;0;0;1;0
1241;2022-03-23 18:50:11.576 +0300;1;1;1;1;1;1;1;1;1
1293;2022-03-23 18:50:11.576 +0300;0;2;2;0;2;2;0;2;2
1577;2022-03-23 18:50:11.576 +0300;0;1;0;0;1;0;0;1;0
975;2022-03-23 18:50:11.576 +0300;1;1;1;1;1;1;1;1;1
848;2022-03-23 18:50:11.576 +0300;1;2;0;1;2;0;1;2;0
1303;2022-03-23 18:50:11.576 +0300;2;1;1;2;1;1;2;1;1
915;2022-03-23 18:50:11.576 +0300;1;2;0;1;2;0;1;2;0
1677;2022-03-23 18:50:11.576 +0300;0;0;1;0;0;1;0;0;1
1588;2022-03-23 18:50:11.576 +0300;2;1;1;2;1;1;2;1;1
979;2022-03-23 18:50:11.576 +0300;2;3;1;2;3;1;2;3;1
1418;2022-03-23 18:50:11.576 +0300;2;1;2;2;1;2;2;1;2
1180;2022-03-23 18:50:11.576 +0300;3;3;1;3;3;1;3;3;1
871;2022-03-23 18:50:11.576 +0300;2;2;1;2;2;1;2;2;1
881;2022-03-23 18:50:11.576 +0300;2;0;2;2;0;2;2;0;2
1631;2022-03-23 18:50:11.576 +0300;1;1;0;1;1;0;1;1;0
1442;2022-03-23 18:50:11.576 +0300;2;2;2;2;2;2;2;2;2
704;2022-03-23 18:50:11.576 +0300;0;1;0;0;1;0;0;1;0
1559;2022-03-23 18:50:11.576 +0300;1;0;1;1;0;1;1;0;1
1680;2022-03-23 18:50:11.576 +0300;2;3;1;2;3;1;2;3;1
1667;2022-03-23 18:50:11.576 +0300;2;1;1;2;1;1;2;1;1
880;2022-03-23 18:50:11.576 +0300;1;1;2;1;1;2;1;1;2
1072;2022-03-23 18:50:11.576 +0300;1;0;0;1;0;0;1;0;0
1586;2022-03-23 18:50:11.576 +0300;1;0;2;1;0;2;1;0;2
1080;2022-03-23 18:50:11.576 +0300;0;1;1;0;1;1;0;1;1
1607;2022-03-23 18:50:11.576 +0300;2;0;0;2;0;0;2;0;0
966;2022-03-23 18:50:11.576 +0300;1;1;0;1;1;0;1;1;0
760;2022-03-23 18:50:11.576 +0300;0;0;1;0;0;1;0;0;1
1055;2022-03-23 18:50:11.576 +0300;0;1;1;0;1;1;0;1;1
1539;2022-03-23 18:50:11.576 +0300;2;0;2;2;0;2;2;0;2
1188;2022-03-23 18:50:11.576 +0300;1;1;1;1;1;1;1;1;1
1515;2022-03-23 18:50:11.576 +0300;1;2;1;1;2;1;1;2;1
1500;2022-03-23 18:50:11.576 +0300;1;2;1;1;2;1;1;2;1
1131;2022-03-23 18:50:11.576 +0300;1;1;1;1;1;1;1;1;1
1625;2022-03-23 18:50:11.576 +0300;1;2;1;1;2;1;1;2;1
742;2022-03-23 18:50:11.576 +0300;2;1;1;2;1;1;2;1;1
912;2022-03-23 18:50:11.576 +0300;1;2;0;1;2;0;1;2;0
1502;2022-03-23 18:50:11.576 +0300;1;2;1;1;2;1;1;2;1
1478;2022-03-23 18:50:11.576 +0300;2;1;2;2;1;2;2;1;2
846;2022-03-23 18:50:11.576 +0300;1;1;0;1;1;0;1;1;0
938;2022-03-23 18:50:11.576 +0300;1;1;2;1;1;2;1;1;2
1642;2022-03-23 18:50:11.576 +0300;2;1;1;2;1;1;2;1;1
1158;2022-03-23 18:50:11.576 +0300;2;0;0;2;0;0;2;0;0
1037;2022-03-23 18:50:11.576 +0300;0;0;3;0;0;3;0;0;3
1580;2022-03-23 18:50:11.576 +0300;1;1;2;1;1;2;1;1;2
1300;2022-03-23 18:50:11.576 +0300;0;1;2;0;1;2;0;1;2
781;2022-03-23 18:50:11.576 +0300;1;1;1;1;1;1;1;1;1
1554;2022-03-23 18:50:11.576 +0300;1;1;0;1;1;0;1;1;0
1437;2022-03-23 18:50:11.576 +0300;1;0;2;1;0;2;1;0;2
1362;2022-03-23 18:50:11.576 +0300;2;1;1;2;1;1;2;1;1
867;2022-03-23 18:50:11.576 +0300;2;2;0;2;2;0;2;2;0
858;2022-03-23 18:50:11.576 +0300;1;1;2;1;1;2;1;1;2
1509;2022-03-23 18:50:11.576 +0300;0;1;3;0;1;3;0;1;3
1683;2022-03-23 18:50:11.576 +0300;0;2;1;0;2;1;0;2;1
1612;2022-03-23 18:50:11.576 +0300;2;0;1;2;0;1;2;0;1
1686;2022-03-23 18:50:11.576 +0300;3;0;0;3;0;0;3;0;0
849;2022-03-23 18:50:11.576 +0300;0;2;1;0;2;1;0;2;1
1573;2022-03-23 18:50:11.576 +0300;2;2;0;2;2;0;2;2;0
1366;2022-03-23 18:50:11.576 +0300;2;1;1;2;1;1;2;1;1
1698;2022-03-23 18:50:11.576 +0300;3;3;1;3;3;1;3;3;1
1348;2022-03-23 18:50:11.576 +0300;2;4;1;2;4;1;2;4;1
919;2022-03-23 18:50:11.576 +0300;0;1;0;0;1;0;0;1;0
1067;2022-03-23 18:50:11.576 +0300;1;0;0;1;0;0;1;0;0
1599;2022-03-23 18:50:11.576 +0300;2;1;1;2;1;1;2;1;1
1096;2022-03-23 18:50:11.576 +0300;0;2;3;0;2;3;0;2;3
932;2022-03-23 18:50:11.576 +0300;2;2;1;2;2;1;2;2;1
1273;2022-03-23 18:50:11.576 +0300;2;1;2;2;1;2;2;1;2
1408;2022-03-23 18:50:11.576 +0300;2;0;2;2;0;2;2;0;2
1673;2022-03-23 18:50:11.576 +0300;2;1;1;2;1;1;2;1;1
1475;2022-03-23 18:50:11.576 +0300;1;2;2;1;2;2;1;2;2
961;2022-03-23 18:50:11.576 +0300;0;0;4;0;0;4;0;0;4
1433;2022-03-23 18:50:11.576 +0300;1;2;0;1;2;0;1;2;0
888;2022-03-23 18:50:11.576 +0300;1;2;1;1;2;1;1;2;1
1235;2022-03-23 18:50:11.576 +0300;1;2;0;1;2;0;1;2;0
1604;2022-03-23 18:50:11.576 +0300;0;1;1;0;1;1;0;1;1
733;2022-03-23 18:50:11.576 +0300;0;1;1;0;1;1;0;1;1
1594;2022-03-23 18:50:11.576 +0300;1;2;1;1;2;1;1;2;1
1122;2022-03-23 18:50:11.576 +0300;1;1;0;1;1;0;1;1;0
1426;2022-03-23 18:50:11.576 +0300;2;3;1;2;3;1;2;3;1
700;2022-03-23 18:50:11.576 +0300;2;1;1;2;1;1;2;1;1
1308;2022-03-23 18:50:11.576 +0300;0;3;1;0;3;1;0;3;1
1258;2022-03-23 18:50:11.576 +0300;1;0;2;1;0;2;1;0;2
1166;2022-03-23 18:50:11.576 +0300;2;0;0;2;0;0;2;0;0
1637;2022-03-23 18:50:11.576 +0300;0;2;2;0;2;2;0;2;2
1649;2022-03-23 18:50:11.576 +0300;0;0;1;0;0;1;0;0;1
1444;2022-03-23 18:50:11.576 +0300;2;1;0;2;1;0;2;1;0
1090;2022-03-23 18:50:11.576 +0300;1;2;1;1;2;1;1;2;1
1687;2022-03-23 18:50:11.576 +0300;2;0;1;2;0;1;2;0;1
1519;2022-03-23 18:50:11.576 +0300;3;3;1;3;3;1;3;3;1
914;2022-03-23 18:50:11.576 +0300;1;2;2;1;2;2;1;2;2
766;2022-03-23 18:50:11.576 +0300;1;2;1;1;2;1;1;2;1
728;2022-03-23 18:50:11.576 +0300;1;1;2;1;1;2;1;1;2
1533;2022-03-23 18:50:11.576 +0300;1;2;1;1;2;1;1;2;1
1150;2022-03-23 18:50:11.576 +0300;3;1;2;3;1;2;3;1;2
1119;2022-03-23 18:50:11.576 +0300;1;3;1;1;3;1;1;3;1
1416;2022-03-23 18:50:11.576 +0300;1;1;1;1;1;1;1;1;1
1501;2022-03-23 18:50:11.576 +0300;2;2;0;2;2;0;2;2;0
1578;2022-03-23 18:50:11.576 +0300;2;3;1;2;3;1;2;3;1
1024;2022-03-23 18:50:11.576 +0300;1;0;1;1;0;1;1;0;1
913;2022-03-23 18:50:11.576 +0300;0;2;2;0;2;2;0;2;2
1576;2022-03-23 18:50:11.576 +0300;0;0;1;0;0;1;0;0;1
1468;2022-03-23 18:50:11.576 +0300;1;2;2;1;2;2;1;2;2
1464;2022-03-23 18:50:11.576 +0300;1;1;1;1;1;1;1;1;1
1486;2022-03-23 18:50:11.576 +0300;2;1;1;2;1;1;2;1;1
1461;2022-03-23 18:50:11.576 +0300;1;1;0;1;1;0;1;1;0
1525;2022-03-23 18:50:11.576 +0300;2;0;0;2;0;0;2;0;0
1232;2022-03-23 18:50:11.576 +0300;0;1;0;0;1;0;0;1;0
1543;2022-03-23 18:50:11.576 +0300;2;2;1;2;2;1;2;2;1
1028;2022-03-23 18:50:11.576 +0300;0;1;2;0;1;2;0;1;2
698;2022-03-23 18:50:11.576 +0300;0;0;2;0;0;2;0;0;2
844;2022-03-23 18:50:11.576 +0300;2;1;0;2;1;0;2;1;0
1617;2022-03-23 18:50:11.576 +0300;1;2;1;1;2;1;1;2;1
980;2022-03-23 18:50:11.576 +0300;0;0;2;0;0;2;0;0;2
1039;2022-03-23 18:50:11.576 +0300;3;1;0;3;1;0;3;1;0
1201;2022-03-23 18:50:11.576 +0300;1;1;2;1;1;2;1;1;2
1314;2022-03-23 18:50:11.576 +0300;0;0;2;0;0;2;0;0;2
1196;2022-03-23 18:50:11.576 +0300;1;1;1;1;1;1;1;1;1
1551;2022-03-23 18:50:11.576 +0300;0;1;1;0;1;1;0;1;1
749;2022-03-23 18:50:11.576 +0300;3;0;2;3;0;2;3;0;2
1148;2022-03-23 18:50:11.576 +0300;1;2;1;1;2;1;1;2;1
1641;2022-03-23 18:50:11.576 +0300;0;1;1;0;1;1;0;1;1
920;2022-03-23 18:50:11.576 +0300;2;2;2;2;2;2;2;2;2
1058;2022-03-23 18:50:11.576 +0300;1;0;2;1;0;2;1;0;2
1628;2022-03-23 18:50:11.576 +0300;1;0;1;1;0;1;1;0;1
1432;2022-03-23 18:50:11.576 +0300;2;1;2;2;1;2;2;1;2
1653;2022-03-23 18:50:11.576 +0300;0;1;0;0;1;0;0;1;0
1213;2022-03-23 18:50:11.576 +0300;0;1;1;0;1;1;0;1;1
873;2022-03-23 18:50:11.576 +0300;0;1;2;0;1;2;0;1;2
1505;2022-03-23 18:50:11.576 +0300;2;3;1;2;3;1;2;3;1
1311;2022-03-23 18:50:11.576 +0300;1;1;1;1;1;1;1;1;1
1572;2022-03-23 18:50:11.576 +0300;0;2;2;0;2;2;0;2;2
1053;2022-03-23 18:50:11.576 +0300;1;2;1;1;2;1;1;2;1
1452;2022-03-23 18:50:11.576 +0300;1;1;1;1;1;1;1;1;1
735;2022-03-23 18:50:11.576 +0300;1;3;2;1;3;2;1;3;2
1648;2022-03-23 18:50:11.576 +0300;3;2;0;3;2;0;3;2;0
924;2022-03-23 18:50:11.576 +0300;1;1;2;1;1;2;1;1;2
872;2022-03-23 18:50:11.576 +0300;2;2;1;2;2;1;2;2;1
1140;2022-03-23 18:50:11.576 +0300;0;1;1;0;1;1;0;1;1
1054;2022-03-23 18:50:11.576 +0300;2;1;2;2;1;2;2;1;2
792;2022-03-23 18:50:11.576 +0300;1;1;2;1;1;2;1;1;2
1381;2022-03-23 18:50:11.576 +0300;0;2;1;0;2;1;0;2;1
896;2022-03-23 18:50:11.576 +0300;3;1;0;3;1;0;3;1;0
1005;2022-03-23 18:50:11.576 +0300;2;0;0;2;0;0;2;0;0
1291;2022-03-23 18:50:11.576 +0300;0;2;3;0;2;3;0;2;3
1449;2022-03-23 18:50:11.576 +0300;2;0;1;2;0;1;2;0;1
1435;2022-03-23 18:50:11.576 +0300;0;2;1;0;2;1;0;2;1
1012;2022-03-23 18:50:11.576 +0300;3;2;2;3;2;2;3;2;2
730;2022-03-23 18:50:11.576 +0300;1;1;3;1;1;3;1;1;3
1212;2022-03-23 18:50:11.576 +0300;2;0;1;2;0;1;2;0;1
1087;2022-03-23 18:50:11.576 +0300;1;2;0;1;2;0;1;2;0
1457;2022-03-23 18:50:11.576 +0300;0;0;1;0;0;1;0;0;1
1635;2022-03-23 18:50:11.576 +0300;1;1;0;1;1;0;1;1;0
709;2022-03-23 18:50:11.576 +0300;0;0;2;0;0;2;0;0;2
1105;2022-03-23 18:50:11.576 +0300;0;0;1;0;0;1;0;0;1
886;2022-03-23 18:50:11.576 +0300;1;3;2;1;3;2;1;3;2
1332;2022-03-23 18:50:11.576 +0300;3;0;1;3;0;1;3;0;1
727;2022-03-23 18:50:11.576 +0300;0;1;1;0;1;1;0;1;1
985;2022-03-23 18:50:11.576 +0300;1;0;1;1;0;1;1;0;1
1405;2022-03-23 18:50:11.576 +0300;0;2;2;0;2;2;0;2;2
810;2022-03-23 18:50:11.576 +0300;2;3;1;2;3;1;2;3;1
1601;2022-03-23 18:50:11.576 +0300;0;0;2;0;0;2;0;0;2
1231;2022-03-23 18:50:11.576 +0300;1;2;1;1;2;1;1;2;1
1276;2022-03-23 18:50:11.576 +0300;0;2;1;0;2;1;0;2;1
1117;2022-03-23 18:50:11.576 +0300;2;0;1;2;0;1;2;0;1
1251;2022-03-23 18:50:11.576 +0300;1;2;0;1;2;0;1;2;0
931;2022-03-23 18:50:11.576 +0300;0;2;0;0;2;0;0;2;0
1189;2022-03-23 18:50:11.576 +0300;1;2;2;1;2;2;1;2;2
718;2022-03-23 18:50:11.576 +0300;1;2;0;1;2;0;1;2;0
1654;2022-03-23 18:50:11.576 +0300;1;2;0;1;2;0;1;2;0
1364;2022-03-23 18:50:11.576 +0300;3;2;1;3;2;1;3;2;1
1439;2022-03-23 18:50:11.576 +0300;1;1;0;1;1;0;1;1;0
1388;2022-03-23 18:50:11.576 +0300;2;2;0;2;2;0;2;2;0
1081;2022-03-23 18:50:11.576 +0300;1;1;1;1;1;1;1;1;1
1315;2022-03-23 18:50:11.576 +0300;2;0;3;2;0;3;2;0;3
1102;2022-03-23 18:50:11.576 +0300;0;1;3;0;1;3;0;1;3
1453;2022-03-23 18:50:11.576 +0300;1;0;1;1;0;1;1;0;1
1198;2022-03-23 18:50:11.576 +0300;2;0;1;2;0;1;2;0;1
1506;2022-03-23 18:50:11.576 +0300;1;1;0;1;1;0;1;1;0
900;2022-03-23 18:50:11.576 +0300;1;0;1;1;0;1;1;0;1
1195;2022-03-23 18:50:11.576 +0300;2;1;0;2;1;0;2;1;0
996;2022-03-23 18:50:11.576 +0300;1;2;2;1;2;2;1;2;2
762;2022-03-23 18:50:11.576 +0300;1;1;1;1;1;1;1;1;1
712;2022-03-23 18:50:11.576 +0300;1;2;1;1;2;1;1;2;1
1696;2022-03-23 18:50:11.576 +0300;0;1;0;0;1;0;0;1;0
1174;2022-03-23 18:50:11.576 +0300;0;1;2;0;1;2;0;1;2
1197;2022-03-23 18:50:11.576 +0300;0;0;1;0;0;1;0;0;1
1063;2022-03-23 18:50:11.576 +0300;2;1;0;2;1;0;2;1;0
1059;2022-03-23 18:50:11.576 +0300;2;1;1;2;1;1;2;1;1
1575;2022-03-23 18:50:11.576 +0300;3;2;1;3;2;1;3;2;1
878;2022-03-23 18:50:11.576 +0300;0;0;1;0;0;1;0;0;1
983;2022-03-23 18:50:11.576 +0300;0;2;1;0;2;1;0;2;1
976;2022-03-23 18:50:11.576 +0300;1;0;0;1;0;0;1;0;0
729;2022-03-23 18:50:11.576 +0300;0;1;1;0;1;1;0;1;1
1242;2022-03-23 18:50:11.576 +0300;1;1;0;1;1;0;1;1;0
1376;2022-03-23 18:50:11.576 +0300;1;2;3;1;2;3;1;2;3
1365;2022-03-23 18:50:11.576 +0300;3;1;2;3;1;2;3;1;2
782;2022-03-23 18:50:11.576 +0300;1;0;0;1;0;0;1;0;0
1160;2022-03-23 18:50:11.576 +0300;2;1;1;2;1;1;2;1;1
1514;2022-03-23 18:50:11.576 +0300;1;1;0;1;1;0;1;1;0
689;2022-03-23 18:50:11.576 +0300;0;3;2;0;3;2;0;3;2
1338;2022-03-23 18:50:11.576 +0300;1;3;0;1;3;0;1;3;0
1359;2022-03-23 18:50:11.576 +0300;2;1;1;2;1;1;2;1;1
982;2022-03-23 18:50:11.576 +0300;1;1;2;1;1;2;1;1;2
1079;2022-03-23 18:50:11.576 +0300;0;0;1;0;0;1;0;0;1
1445;2022-03-23 18:50:11.576 +0300;0;1;2;0;1;2;0;1;2
1152;2022-03-23 18:50:11.576 +0300;0;1;2;0;1;2;0;1;2
1384;2022-03-23 18:50:11.576 +0300;1;3;1;1;3;1;1;3;1
1330;2022-03-23 18:50:11.576 +0300;2;2;1;2;2;1;2;2;1
821;2022-03-23 18:50:11.576 +0300;1;1;1;1;1;1;1;1;1
1492;2022-03-23 18:50:11.576 +0300;1;1;2;1;1;2;1;1;2
1456;2022-03-23 18:50:11.576 +0300;0;2;1;0;2;1;0;2;1
1483;2022-03-23 18:50:11.576 +0300;2;1;1;2;1;1;2;1;1
1141;2022-03-23 18:50:11.576 +0300;1;2;1;1;2;1;1;2;1
1329;2022-03-23 18:50:11.576 +0300;0;3;2;0;3;2;0;3;2
739;2022-03-23 18:50:11.576 +0300;3;2;0;3;2;0;3;2;0
1094;2022-03-23 18:50:11.576 +0300;0;1;2;0;1;2;0;1;2
1481;2022-03-23 18:50:11.576 +0300;0;1;2;0;1;2;0;1;2
1480;2022-03-23 18:50:11.576 +0300;1;1;1;1;1;1;1;1;1
1110;2022-03-23 18:50:11.576 +0300;1;3;2;1;3;2;1;3;2
903;2022-03-23 18:50:11.576 +0300;1;1;1;1;1;1;1;1;1
1490;2022-03-23 18:50:11.576 +0300;1;1;2;1;1;2;1;1;2
741;2022-03-23 18:50:11.576 +0300;1;1;2;1;1;2;1;1;2
716;2022-03-23 18:50:11.576 +0300;0;1;1;0;1;1;0;1;1
1562;2022-03-23 18:50:11.576 +0300;1;1;0;1;1;0;1;1;0
736;2022-03-23 18:50:11.576 +0300;1;2;1;1;2;1;1;2;1
1473;2022-03-23 18:50:11.576 +0300;1;0;1;1;0;1;1;0;1
1130;2022-03-23 18:50:11.576 +0300;2;0;0;2;0;0;2;0;0
1440;2022-03-23 18:50:11.576 +0300;1;2;2;1;2;2;1;2;2
1041;2022-03-23 18:50:11.576 +0300;1;1;1;1;1;1;1;1;1
1640;2022-03-23 18:50:11.576 +0300;1;2;0;1;2;0;1;2;0
1520;2022-03-23 18:50:11.576 +0300;1;1;3;1;1;3;1;1;3
927;2022-03-23 18:50:11.576 +0300;0;0;1;0;0;1;0;0;1
1027;2022-03-23 18:50:11.576 +0300;0;1;0;0;1;0;0;1;0
1479;2022-03-23 18:50:11.576 +0300;2;0;3;2;0;3;2;0;3
1593;2022-03-23 18:50:11.576 +0300;1;1;0;1;1;0;1;1;0
774;2022-03-23 18:50:11.576 +0300;3;3;3;3;3;3;3;3;3
1385;2022-03-23 18:50:11.576 +0300;0;1;1;0;1;1;0;1;1
1672;2022-03-23 18:50:11.576 +0300;2;2;0;2;2;0;2;2;0
1233;2022-03-23 18:50:11.576 +0300;0;1;2;0;1;2;0;1;2
1346;2022-03-23 18:50:11.576 +0300;1;1;1;1;1;1;1;1;1
820;2022-03-23 18:50:11.576 +0300;1;3;2;1;3;2;1;3;2
1267;2022-03-23 18:50:11.576 +0300;1;1;0;1;1;0;1;1;0
992;2022-03-23 18:50:11.576 +0300;1;2;1;1;2;1;1;2;1
894;2022-03-23 18:50:11.576 +0300;1;2;2;1;2;2;1;2;2
1357;2022-03-23 18:50:11.576 +0300;1;1;2;1;1;2;1;1;2
1326;2022-03-23 18:50:11.576 +0300;1;1;1;1;1;1;1;1;1
1020;2022-03-23 18:50:11.576 +0300;0;1;1;0;1;1;0;1;1
895;2022-03-23 18:50:11.576 +0300;2;1;0;2;1;0;2;1;0
1377;2022-03-23 18:50:11.576 +0300;0;1;2;0;1;2;0;1;2
1127;2022-03-23 18:50:11.576 +0300;1;1;2;1;1;2;1;1;2
1060;2022-03-23 18:50:11.576 +0300;3;2;1;3;2;1;3;2;1
1638;2022-03-23 18:50:11.576 +0300;1;2;2;1;2;2;1;2;2
1017;2022-03-23 18:50:11.576 +0300;2;1;1;2;1;1;2;1;1
783;2022-03-23 18:50:11.576 +0300;1;1;0;1;1;0;1;1;0
1071;2022-03-23 18:50:11.576 +0300;1;1;2;1;1;2;1;1;2
1538;2022-03-23 18:50:11.576 +0300;1;1;2;1;1;2;1;1;2
1224;2022-03-23 18:50:11.576 +0300;1;1;1;1;1;1;1;1;1
1051;2022-03-23 18:50:11.576 +0300;3;0;1;3;0;1;3;0;1
1424;2022-03-23 18:50:11.576 +0300;1;2;1;1;2;1;1;2;1
1109;2022-03-23 18:50:11.576 +0300;0;2;1;0;2;1;0;2;1
1352;2022-03-23 18:50:11.576 +0300;1;2;0;1;2;0;1;2;0
1254;2022-03-23 18:50:11.576 +0300;2;3;1;2;3;1;2;3;1
1133;2022-03-23 18:50:11.576 +0300;0;2;1;0;2;1;0;2;1
1441;2022-03-23 18:50:11.576 +0300;2;1;3;2;1;3;2;1;3
1271;2022-03-23 18:50:11.576 +0300;1;1;1;1;1;1;1;1;1
1035;2022-03-23 18:50:11.576 +0300;2;1;1;2;1;1;2;1;1
1073;2022-03-23 18:50:11.576 +0300;1;1;2;1;1;2;1;1;2
1019;2022-03-23 18:50:11.576 +0300;2;1;2;2;1;2;2;1;2
1389;2022-03-23 18:50:11.576 +0300;1;2;1;1;2;1;1;2;1
1412;2022-03-23 18:50:11.576 +0300;2;1;0;2;1;0;2;1;0
1240;2022-03-23 18:50:11.576 +0300;0;2;0;0;2;0;0;2;0
1459;2022-03-23 18:50:11.576 +0300;0;1;3;0;1;3;0;1;3
1621;2022-03-23 18:50:11.576 +0300;2;1;1;2;1;1;2;1;1
1182;2022-03-23 18:50:11.576 +0300;1;2;0;1;2;0;1;2;0
869;2022-03-23 18:50:11.576 +0300;3;1;2;3;1;2;3;1;2
1537;2022-03-23 18:50:11.576 +0300;0;2;3;0;2;3;0;2;3
1033;2022-03-23 18:50:11.576 +0300;1;1;0;1;1;0;1;1;0
864;2022-03-23 18:50:11.576 +0300;1;1;2;1;1;2;1;1;2
1499;2022-03-23 18:50:11.576 +0300;1;0;0;1;0;0;1;0;0
825;2022-03-23 18:50:11.576 +0300;2;0;1;2;0;1;2;0;1
1584;2022-03-23 18:50:11.576 +0300;2;1;1;2;1;1;2;1;1
1454;2022-03-23 18:50:11.576 +0300;3;2;1;3;2;1;3;2;1
1040;2022-03-23 18:50:11.576 +0300;1;1;3;1;1;3;1;1;3
731;2022-03-23 18:50:11.576 +0300;3;2;0;3;2;0;3;2;0
1282;2022-03-23 18:50:11.576 +0300;4;1;1;4;1;1;4;1;1
1597;2022-03-23 18:50:11.576 +0300;3;3;1;3;3;1;3;3;1
1350;2022-03-23 18:50:11.576 +0300;1;0;2;1;0;2;1;0;2
1643;2022-03-23 18:50:11.576 +0300;1;0;0;1;0;0;1;0;0
885;2022-03-23 18:50:11.576 +0300;1;0;3;1;0;3;1;0;3
1275;2022-03-23 18:50:11.576 +0300;1;1;2;1;1;2;1;1;2
1107;2022-03-23 18:50:11.576 +0300;2;1;1;2;1;1;2;1;1
1339;2022-03-23 18:50:11.576 +0300;1;1;4;1;1;4;1;1;4
1465;2022-03-23 18:50:11.576 +0300;3;0;1;3;0;1;3;0;1
1157;2022-03-23 18:50:11.576 +0300;1;0;0;1;0;0;1;0;0
1155;2022-03-23 18:50:11.576 +0300;0;3;2;0;3;2;0;3;2
1526;2022-03-23 18:50:11.576 +0300;1;0;1;1;0;1;1;0;1
1521;2022-03-23 18:50:11.576 +0300;0;1;0;0;1;0;0;1;0
1528;2022-03-23 18:50:11.576 +0300;0;1;1;0;1;1;0;1;1
765;2022-03-23 18:50:11.576 +0300;3;1;3;3;1;3;3;1;3
1277;2022-03-23 18:50:11.576 +0300;3;1;1;3;1;1;3;1;1
1541;2022-03-23 18:50:11.576 +0300;1;1;1;1;1;1;1;1;1
1531;2022-03-23 18:50:11.576 +0300;2;1;1;2;1;1;2;1;1
887;2022-03-23 18:50:11.576 +0300;1;0;1;1;0;1;1;0;1
1669;2022-03-23 18:50:11.576 +0300;0;2;1;0;2;1;0;2;1
959;2022-03-23 18:50:11.576 +0300;1;2;1;1;2;1;1;2;1
1671;2022-03-23 18:50:11.576 +0300;3;2;2;3;2;2;3;2;2
819;2022-03-23 18:50:11.576 +0300;1;1;1;1;1;1;1;1;1
817;2022-03-23 18:50:11.576 +0300;1;1;2;1;1;2;1;1;2
1274;2022-03-23 18:50:11.576 +0300;0;0;2;0;0;2;0;0;2
1187;2022-03-23 18:50:11.576 +0300;1;0;1;1;0;1;1;0;1
877;2022-03-23 18:50:11.576 +0300;1;2;2;1;2;2;1;2;2
1123;2022-03-23 18:50:11.576 +0300;1;2;0;1;2;0;1;2;0
1113;2022-03-23 18:50:11.576 +0300;1;0;2;1;0;2;1;0;2
1317;2022-03-23 18:50:11.576 +0300;0;1;1;0;1;1;0;1;1
1517;2022-03-23 18:50:11.576 +0300;0;1;0;0;1;0;0;1;0
1598;2022-03-23 18:50:11.576 +0300;1;0;1;1;0;1;1;0;1
971;2022-03-23 18:50:11.576 +0300;3;1;2;3;1;2;3;1;2
910;2022-03-23 18:50:11.576 +0300;2;1;0;2;1;0;2;1;0
941;2022-03-23 18:50:11.576 +0300;1;0;0;1;0;0;1;0;0
957;2022-03-23 18:50:11.576 +0300;2;1;1;2;1;1;2;1;1
1065;2022-03-23 18:50:11.576 +0300;1;0;1;1;0;1;1;0;1
998;2022-03-23 18:50:11.576 +0300;1;0;0;1;0;0;1;0;0
949;2022-03-23 18:50:11.576 +0300;1;0;1;1;0;1;1;0;1
999;2022-03-23 18:50:11.576 +0300;0;1;1;0;1;1;0;1;1
1626;2022-03-23 18:50:11.576 +0300;0;2;2;0;2;2;0;2;2
1536;2022-03-23 18:50:11.576 +0300;1;2;1;1;2;1;1;2;1
1064;2022-03-23 18:50:11.576 +0300;0;2;1;0;2;1;0;2;1
707;2022-03-23 18:50:11.576 +0300;2;1;3;2;1;3;2;1;3
759;2022-03-23 18:50:11.576 +0300;1;1;0;1;1;0;1;1;0
1193;2022-03-23 18:50:11.576 +0300;0;0;1;0;0;1;0;0;1
879;2022-03-23 18:50:11.576 +0300;1;0;1;1;0;1;1;0;1
1547;2022-03-23 18:50:11.576 +0300;1;1;2;1;1;2;1;1;2
1204;2022-03-23 18:50:11.576 +0300;0;2;1;0;2;1;0;2;1
1169;2022-03-23 18:50:11.576 +0300;2;1;1;2;1;1;2;1;1
1252;2022-03-23 18:50:11.576 +0300;1;0;2;1;0;2;1;0;2
1171;2022-03-23 18:50:11.576 +0300;1;2;2;1;2;2;1;2;2
1138;2022-03-23 18:50:11.576 +0300;2;0;1;2;0;1;2;0;1
1085;2022-03-23 18:50:11.576 +0300;2;1;0;2;1;0;2;1;0
875;2022-03-23 18:50:11.576 +0300;2;2;0;2;2;0;2;2;0
1353;2022-03-23 18:50:11.576 +0300;0;0;1;0;0;1;0;0;1
1255;2022-03-23 18:50:11.576 +0300;0;1;1;0;1;1;0;1;1
1651;2022-03-23 18:50:11.576 +0300;0;2;1;0;2;1;0;2;1
1438;2022-03-23 18:50:11.576 +0300;1;2;0;1;2;0;1;2;0
1407;2022-03-23 18:50:11.576 +0300;1;3;2;1;3;2;1;3;2
1688;2022-03-23 18:50:11.576 +0300;1;2;1;1;2;1;1;2;1
1322;2022-03-23 18:50:11.576 +0300;0;2;0;0;2;0;0;2;0
845;2022-03-23 18:50:11.576 +0300;0;1;1;0;1;1;0;1;1
755;2022-03-23 18:50:11.576 +0300;1;0;2;1;0;2;1;0;2
1184;2022-03-23 18:50:11.576 +0300;2;0;2;2;0;2;2;0;2
1031;2022-03-23 18:50:11.576 +0300;1;1;2;1;1;2;1;1;2
1670;2022-03-23 18:50:11.576 +0300;0;0;2;0;0;2;0;0;2
1069;2022-03-23 18:50:11.576 +0300;0;1;0;0;1;0;0;1;0
1361;2022-03-23 18:50:11.576 +0300;1;3;0;1;3;0;1;3;0
1129;2022-03-23 18:50:11.576 +0300;1;2;1;1;2;1;1;2;1
859;2022-03-23 18:50:11.576 +0300;1;2;0;1;2;0;1;2;0
842;2022-03-23 18:50:11.576 +0300;0;2;1;0;2;1;0;2;1
767;2022-03-23 18:50:11.576 +0300;1;2;2;1;2;2;1;2;2
1367;2022-03-23 18:50:11.576 +0300;0;1;0;0;1;0;0;1;0
1043;2022-03-23 18:50:11.576 +0300;2;2;2;2;2;2;2;2;2
1192;2022-03-23 18:50:11.576 +0300;0;2;0;0;2;0;0;2;0
1088;2022-03-23 18:50:11.576 +0300;0;1;1;0;1;1;0;1;1
1124;2022-03-23 18:50:11.576 +0300;2;1;2;2;1;2;2;1;2
691;2022-03-23 18:50:11.576 +0300;1;0;2;1;0;2;1;0;2
697;2022-03-23 18:50:11.576 +0300;1;1;1;1;1;1;1;1;1
1243;2022-03-23 18:50:11.576 +0300;1;0;1;1;0;1;1;0;1
721;2022-03-23 18:50:11.576 +0300;2;2;2;2;2;2;2;2;2
1100;2022-03-23 18:50:11.576 +0300;3;0;2;3;0;2;3;0;2
705;2022-03-23 18:50:11.576 +0300;3;0;1;3;0;1;3;0;1
1270;2022-03-23 18:50:11.576 +0300;3;2;2;3;2;2;3;2;2
1436;2022-03-23 18:50:11.576 +0300;1;1;1;1;1;1;1;1;1
1032;2022-03-23 18:50:11.576 +0300;1;1;2;1;1;2;1;1;2
960;2022-03-23 18:50:11.576 +0300;1;2;0;1;2;0;1;2;0
1591;2022-03-23 18:50:11.576 +0300;1;0;0;1;0;0;1;0;0
1516;2022-03-23 18:50:11.576 +0300;1;4;1;1;4;1;1;4;1
786;2022-03-23 18:50:11.576 +0300;0;1;1;0;1;1;0;1;1
1455;2022-03-23 18:50:11.576 +0300;0;1;2;0;1;2;0;1;2
1228;2022-03-23 18:50:11.576 +0300;2;1;1;2;1;1;2;1;1
1652;2022-03-23 18:50:11.576 +0300;2;0;0;2;0;0;2;0;0
1518;2022-03-23 18:50:11.576 +0300;1;1;1;1;1;1;1;1;1
1387;2022-03-23 18:50:11.576 +0300;1;0;1;1;0;1;1;0;1
804;2022-03-23 18:50:11.576 +0300;2;2;1;2;2;1;2;2;1
866;2022-03-23 18:50:11.576 +0300;1;3;1;1;3;1;1;3;1
1542;2022-03-23 18:50:11.576 +0300;2;0;1;2;0;1;2;0;1
889;2022-03-23 18:50:11.576 +0300;1;2;1;1;2;1;1;2;1
1487;2022-03-23 18:50:11.576 +0300;0;1;1;0;1;1;0;1;1
991;2022-03-23 18:50:11.576 +0300;0;0;1;0;0;1;0;0;1
1611;2022-03-23 18:50:11.576 +0300;0;2;0;0;2;0;0;2;0
1391;2022-03-23 18:50:11.576 +0300;0;0;2;0;0;2;0;0;2
776;2022-03-23 18:50:11.576 +0300;1;1;1;1;1;1;1;1;1
1636;2022-03-23 18:50:11.576 +0300;0;2;0;0;2;0;0;2;0
1369;2022-03-23 18:50:11.576 +0300;0;1;1;0;1;1;0;1;1
692;2022-03-23 18:50:11.576 +0300;0;1;1;0;1;1;0;1;1
1177;2022-03-23 18:50:11.576 +0300;1;1;0;1;1;0;1;1;0
1121;2022-03-23 18:50:11.576 +0300;1;1;3;1;1;3;1;1;3
1566;2022-03-23 18:50:11.576 +0300;3;2;1;3;2;1;3;2;1
1343;2022-03-23 18:50:11.576 +0300;1;0;0;1;0;0;1;0;0
724;2022-03-23 18:50:11.576 +0300;1;0;1;1;0;1;1;0;1
1134;2022-03-23 18:50:11.576 +0300;1;1;0;1;1;0;1;1;0
1323;2022-03-23 18:50:11.576 +0300;0;0;1;0;0;1;0;0;1
1237;2022-03-23 18:50:11.576 +0300;2;1;3;2;1;3;2;1;3
1222;2022-03-23 18:50:11.576 +0300;1;1;2;1;1;2;1;1;2
1358;2022-03-23 18:50:11.576 +0300;3;1;1;3;1;1;3;1;1
1511;2022-03-23 18:50:11.576 +0300;1;1;1;1;1;1;1;1;1
772;2022-03-23 18:50:11.576 +0300;1;1;2;1;1;2;1;1;2
1596;2022-03-23 18:50:11.576 +0300;1;1;3;1;1;3;1;1;3
808;2022-03-23 18:50:11.576 +0300;2;2;1;2;2;1;2;2;1
1695;2022-03-23 18:50:11.576 +0300;1;0;1;1;0;1;1;0;1
1011;2022-03-23 18:50:11.576 +0300;1;0;2;1;0;2;1;0;2
757;2022-03-23 18:50:11.576 +0300;1;2;1;1;2;1;1;2;1
1600;2022-03-23 18:50:11.576 +0300;1;0;2;1;0;2;1;0;2
771;2022-03-23 18:50:11.576 +0300;1;1;1;1;1;1;1;1;1
827;2022-03-23 18:50:11.576 +0300;1;2;0;1;2;0;1;2;0
1360;2022-03-23 18:50:11.576 +0300;2;1;1;2;1;1;2;1;1
1497;2022-03-23 18:50:11.576 +0300;0;1;0;0;1;0;0;1;0
952;2022-03-23 18:50:11.576 +0300;1;1;1;1;1;1;1;1;1
1618;2022-03-23 18:50:11.576 +0300;0;3;1;0;3;1;0;3;1
1402;2022-03-23 18:50:11.576 +0300;2;2;0;2;2;0;2;2;0
1399;2022-03-23 18:50:11.576 +0300;0;1;1;0;1;1;0;1;1
1582;2022-03-23 18:50:11.576 +0300;2;1;0;2;1;0;2;1;0
986;2022-03-23 18:50:11.576 +0300;1;1;2;1;1;2;1;1;2
857;2022-03-23 18:50:11.576 +0300;0;2;0;0;2;0;0;2;0
890;2022-03-23 18:50:11.576 +0300;3;2;0;3;2;0;3;2;0
1214;2022-03-23 18:50:11.576 +0300;1;3;0;1;3;0;1;3;0
1394;2022-03-23 18:50:11.576 +0300;1;2;0;1;2;0;1;2;0
1347;2022-03-23 18:50:11.576 +0300;1;0;0;1;0;0;1;0;0
1341;2022-03-23 18:50:11.576 +0300;2;0;1;2;0;1;2;0;1
1061;2022-03-23 18:50:11.576 +0300;2;1;0;2;1;0;2;1;0
1417;2022-03-23 18:50:11.576 +0300;1;1;1;1;1;1;1;1;1
1074;2022-03-23 18:50:11.576 +0300;1;1;1;1;1;1;1;1;1
1111;2022-03-23 18:50:11.576 +0300;0;2;0;0;2;0;0;2;0
1082;2022-03-23 18:50:11.576 +0300;0;1;1;0;1;1;0;1;1
1392;2022-03-23 18:50:11.576 +0300;1;0;0;1;0;0;1;0;0
1181;2022-03-23 18:50:11.576 +0300;2;2;2;2;2;2;2;2;2
789;2022-03-23 18:50:11.576 +0300;1;1;1;1;1;1;1;1;1
1002;2022-03-23 18:50:11.576 +0300;2;3;0;2;3;0;2;3;0
1491;2022-03-23 18:50:11.576 +0300;2;2;1;2;2;1;2;2;1
773;2022-03-23 18:50:11.576 +0300;0;2;2;0;2;2;0;2;2
1023;2022-03-23 18:50:11.576 +0300;0;2;1;0;2;1;0;2;1
1172;2022-03-23 18:50:11.576 +0300;2;2;0;2;2;0;2;2;0
861;2022-03-23 18:50:11.576 +0300;1;3;1;1;3;1;1;3;1
1208;2022-03-23 18:50:11.576 +0300;2;2;1;2;2;1;2;2;1
1351;2022-03-23 18:50:11.576 +0300;1;3;1;1;3;1;1;3;1
1660;2022-03-23 18:50:11.576 +0300;1;1;0;1;1;0;1;1;0
738;2022-03-23 18:50:11.576 +0300;3;1;0;3;1;0;3;1;0
1183;2022-03-23 18:50:11.576 +0300;0;1;0;0;1;0;0;1;0
797;2022-03-23 18:50:11.576 +0300;0;2;0;0;2;0;0;2;0
1633;2022-03-23 18:50:11.576 +0300;1;1;0;1;1;0;1;1;0
1676;2022-03-23 18:50:11.576 +0300;1;1;2;1;1;2;1;1;2
1333;2022-03-23 18:50:11.576 +0300;2;1;2;2;1;2;2;1;2
1095;2022-03-23 18:50:11.576 +0300;1;2;2;1;2;2;1;2;2
1610;2022-03-23 18:50:11.576 +0300;0;2;0;0;2;0;0;2;0
1034;2022-03-23 18:50:11.576 +0300;0;2;3;0;2;3;0;2;3
943;2022-03-23 18:50:11.576 +0300;1;0;1;1;0;1;1;0;1
751;2022-03-23 18:50:11.576 +0300;3;3;1;3;3;1;3;3;1
1220;2022-03-23 18:50:11.576 +0300;3;2;1;3;2;1;3;2;1
1689;2022-03-23 18:50:11.576 +0300;1;2;3;1;2;3;1;2;3
1634;2022-03-23 18:50:11.576 +0300;1;1;1;1;1;1;1;1;1
1363;2022-03-23 18:50:11.576 +0300;3;2;1;3;2;1;3;2;1
1504;2022-03-23 18:50:11.576 +0300;1;1;1;1;1;1;1;1;1
1699;2022-03-23 18:50:11.576 +0300;2;2;2;2;2;2;2;2;2
818;2022-03-23 18:50:11.576 +0300;0;2;2;0;2;2;0;2;2
1042;2022-03-23 18:50:11.576 +0300;1;2;1;1;2;1;1;2;1
737;2022-03-23 18:50:11.576 +0300;0;0;1;0;0;1;0;0;1
1404;2022-03-23 18:50:11.576 +0300;1;1;0;1;1;0;1;1;0
798;2022-03-23 18:50:11.576 +0300;1;1;0;1;1;0;1;1;0
830;2022-03-23 18:50:11.576 +0300;2;1;2;2;1;2;2;1;2
1545;2022-03-23 18:50:11.576 +0300;1;2;3;1;2;3;1;2;3
1581;2022-03-23 18:50:11.576 +0300;2;0;1;2;0;1;2;0;1
1482;2022-03-23 18:50:11.576 +0300;1;1;2;1;1;2;1;1;2
1657;2022-03-23 18:50:11.576 +0300;0;1;2;0;1;2;0;1;2
988;2022-03-23 18:50:11.576 +0300;2;0;1;2;0;1;2;0;1
1340;2022-03-23 18:50:11.576 +0300;1;1;1;1;1;1;1;1;1
964;2022-03-23 18:50:11.576 +0300;2;1;1;2;1;1;2;1;1
1623;2022-03-23 18:50:11.576 +0300;0;2;1;0;2;1;0;2;1
990;2022-03-23 18:50:11.576 +0300;0;1;2;0;1;2;0;1;2
1396;2022-03-23 18:50:11.576 +0300;1;2;1;1;2;1;1;2;1
1534;2022-03-23 18:50:11.576 +0300;2;0;1;2;0;1;2;0;1
905;2022-03-23 18:50:11.576 +0300;2;1;2;2;1;2;2;1;2
1379;2022-03-23 18:50:11.576 +0300;0;1;3;0;1;3;0;1;3
973;2022-03-23 18:50:11.576 +0300;0;2;0;0;2;0;0;2;0
1532;2022-03-23 18:50:11.576 +0300;1;1;0;1;1;0;1;1;0
1425;2022-03-23 18:50:11.576 +0300;2;1;0;2;1;0;2;1;0
812;2022-03-23 18:50:11.576 +0300;2;0;0;2;0;0;2;0;0
1390;2022-03-23 18:50:11.576 +0300;1;0;3;1;0;3;1;0;3
1448;2022-03-23 18:50:11.576 +0300;2;2;0;2;2;0;2;2;0
1176;2022-03-23 18:50:11.576 +0300;1;0;1;1;0;1;1;0;1
1186;2022-03-23 18:50:11.576 +0300;1;1;2;1;1;2;1;1;2
1116;2022-03-23 18:50:11.576 +0300;0;0;1;0;0;1;0;0;1
1290;2022-03-23 18:50:11.576 +0300;2;0;1;2;0;1;2;0;1
1089;2022-03-23 18:50:11.576 +0300;0;1;1;0;1;1;0;1;1
1380;2022-03-23 18:50:11.576 +0300;1;1;0;1;1;0;1;1;0
1070;2022-03-23 18:50:11.576 +0300;0;0;2;0;0;2;0;0;2
1656;2022-03-23 18:50:11.576 +0300;2;1;1;2;1;1;2;1;1
1147;2022-03-23 18:50:11.576 +0300;2;2;1;2;2;1;2;2;1
720;2022-03-23 18:50:11.576 +0300;0;1;1;0;1;1;0;1;1
997;2022-03-23 18:50:11.576 +0300;1;2;1;1;2;1;1;2;1
917;2022-03-23 18:50:11.576 +0300;1;1;0;1;1;0;1;1;0
1280;2022-03-23 18:50:11.576 +0300;0;2;2;0;2;2;0;2;2
1029;2022-03-23 18:50:11.576 +0300;1;2;2;1;2;2;1;2;2
1605;2022-03-23 18:50:11.576 +0300;1;1;0;1;1;0;1;1;0
1555;2022-03-23 18:50:11.576 +0300;0;2;0;0;2;0;0;2;0
1068;2022-03-23 18:50:11.576 +0300;0;0;2;0;0;2;0;0;2
1256;2022-03-23 18:50:11.576 +0300;0;2;0;0;2;0;0;2;0
1000;2022-03-23 18:50:11.576 +0300;1;0;2;1;0;2;1;0;2
1245;2022-03-23 18:50:11.576 +0300;0;0;1;0;0;1;0;0;1
1211;2022-03-23 18:50:11.576 +0300;2;0;0;2;0;0;2;0;0
1393;2022-03-23 18:50:11.576 +0300;2;1;1;2;1;1;2;1;1
706;2022-03-23 18:50:11.576 +0300;1;3;0;1;3;0;1;3;0
1423;2022-03-23 18:50:11.576 +0300;1;1;3;1;1;3;1;1;3
956;2022-03-23 18:50:11.576 +0300;1;1;1;1;1;1;1;1;1
1294;2022-03-23 18:50:11.576 +0300;1;1;3;1;1;3;1;1;3
958;2022-03-23 18:50:11.576 +0300;1;1;0;1;1;0;1;1;0
882;2022-03-23 18:50:11.576 +0300;1;0;2;1;0;2;1;0;2
1655;2022-03-23 18:50:11.576 +0300;0;2;1;0;2;1;0;2;1
694;2022-03-23 18:50:11.576 +0300;1;1;2;1;1;2;1;1;2
955;2022-03-23 18:50:11.576 +0300;1;0;2;1;0;2;1;0;2
1114;2022-03-23 18:50:11.576 +0300;1;0;1;1;0;1;1;0;1
1304;2022-03-23 18:50:11.576 +0300;0;1;0;0;1;0;0;1;0
1590;2022-03-23 18:50:11.576 +0300;1;1;0;1;1;0;1;1;0
801;2022-03-23 18:50:11.576 +0300;0;1;1;0;1;1;0;1;1
1302;2022-03-23 18:50:11.576 +0300;1;0;3;1;0;3;1;0;3
1103;2022-03-23 18:50:11.576 +0300;0;2;0;0;2;0;0;2;0
833;2022-03-23 18:50:11.576 +0300;3;2;1;3;2;1;3;2;1
1244;2022-03-23 18:50:11.576 +0300;0;2;2;0;2;2;0;2;2
1512;2022-03-23 18:50:11.576 +0300;1;1;3;1;1;3;1;1;3
752;2022-03-23 18:50:11.576 +0300;0;2;2;0;2;2;0;2;2
1013;2022-03-23 18:50:11.576 +0300;1;1;2;1;1;2;1;1;2
688;2022-03-23 18:50:11.576 +0300;1;0;0;1;0;0;1;0;0
1553;2022-03-23 18:50:11.576 +0300;2;1;1;2;1;1;2;1;1
1288;2022-03-23 18:50:11.576 +0300;2;2;2;2;2;2;2;2;2
1207;2022-03-23 18:50:11.576 +0300;0;0;2;0;0;2;0;0;2
1530;2022-03-23 18:50:11.576 +0300;0;1;1;0;1;1;0;1;1
1093;2022-03-23 18:50:11.576 +0300;1;1;3;1;1;3;1;1;3
1076;2022-03-23 18:50:11.576 +0300;0;1;0;0;1;0;0;1;0
851;2022-03-23 18:50:11.576 +0300;1;0;2;1;0;2;1;0;2
968;2022-03-23 18:50:11.576 +0300;0;1;1;0;1;1;0;1;1
893;2022-03-23 18:50:11.576 +0300;2;1;1;2;1;1;2;1;1
1659;2022-03-23 18:50:11.576 +0300;0;1;0;0;1;0;0;1;0
1318;2022-03-23 18:50:11.576 +0300;1;0;0;1;0;0;1;0;0
993;2022-03-23 18:50:11.576 +0300;2;2;0;2;2;0;2;2;0
805;2022-03-23 18:50:11.576 +0300;0;1;1;0;1;1;0;1;1
1327;2022-03-23 18:50:11.576 +0300;1;1;1;1;1;1;1;1;1
1139;2022-03-23 18:50:11.576 +0300;1;1;2;1;1;2;1;1;2
1450;2022-03-23 18:50:11.576 +0300;1;1;1;1;1;1;1;1;1
1225;2022-03-23 18:50:11.576 +0300;2;0;1;2;0;1;2;0;1
1223;2022-03-23 18:50:11.576 +0300;2;3;2;2;3;2;2;3;2
925;2022-03-23 18:50:11.576 +0300;1;2;1;1;2;1;1;2;1
1342;2022-03-23 18:50:11.576 +0300;2;2;2;2;2;2;2;2;2
1498;2022-03-23 18:50:11.576 +0300;1;2;1;1;2;1;1;2;1
835;2022-03-23 18:50:11.576 +0300;2;1;0;2;1;0;2;1;0
1355;2022-03-23 18:50:11.576 +0300;0;0;2;0;0;2;0;0;2
1026;2022-03-23 18:50:11.576 +0300;3;1;0;3;1;0;3;1;0
923;2022-03-23 18:50:11.576 +0300;1;1;1;1;1;1;1;1;1
995;2022-03-23 18:50:11.576 +0300;1;1;1;1;1;1;1;1;1
1420;2022-03-23 18:50:11.576 +0300;1;1;1;1;1;1;1;1;1
1320;2022-03-23 18:50:11.576 +0300;1;1;1;1;1;1;1;1;1
1191;2022-03-23 18:50:11.576 +0300;0;1;1;0;1;1;0;1;1
901;2022-03-23 18:50:11.576 +0300;1;2;1;1;2;1;1;2;1
1014;2022-03-23 18:50:11.576 +0300;0;0;3;0;0;3;0;0;3
1125;2022-03-23 18:50:11.576 +0300;0;1;1;0;1;1;0;1;1
928;2022-03-23 18:50:11.576 +0300;3;2;1;3;2;1;3;2;1
1421;2022-03-23 18:50:11.576 +0300;2;2;1;2;2;1;2;2;1
790;2022-03-23 18:50:11.576 +0300;1;2;1;1;2;1;1;2;1
828;2022-03-23 18:50:11.576 +0300;1;2;2;1;2;2;1;2;2
1462;2022-03-23 18:50:11.576 +0300;;;;;;;;;
785;2022-03-23 18:50:11.576 +0300;;;;;;;;;
779;2022-03-23 18:50:11.576 +0300;;;;;;;;;
2;2022-03-23 18:50:11.576 +0300;;;;;;;;;
1567;2022-03-23 18:50:11.576 +0300;;;;;;;;;
1386;2022-03-23 18:50:11.576 +0300;;;;;;;;;
687;2022-03-23 18:50:11.576 +0300;;;;;;;;;
897;2022-03-23 18:50:11.576 +0300;;;;;;;;;
5;2022-03-23 18:50:11.576 +0300;;;;;;;;;
1292;2022-03-23 18:50:11.576 +0300;;;;;;;;;
1091;2022-03-23 18:50:11.576 +0300;;;;;;;;;
1236;2022-03-23 18:50:11.576 +0300;;;;;;;;;
1230;2022-03-23 18:50:11.576 +0300;;;;;;;;;
788;2022-03-23 18:50:11.576 +0300;;;;;;;;;
1163;2022-03-23 18:50:11.576 +0300;;;;;;;;;
1112;2022-03-23 18:50:11.576 +0300;;;;;;;;;
4;2022-03-23 18:50:11.576 +0300;;;;;;;;;
1;2022-03-23 18:50:11.576 +0300;;;;;;;;;
1410;2022-03-23 18:50:11.576 +0300;;;;;;;;;
1485;2022-03-23 18:50:11.576 +0300;;;;;;;;;
1650;2022-03-23 18:50:11.576 +0300;;;;;;;;;
3;2022-03-23 18:50:11.576 +0300;;;;;;;;;
884;2022-03-23 18:50:11.576 +0300;;;;;;;;;
753;2022-03-23 18:50:11.576 +0300;;;;;;;;;
1540;2022-03-23 18:50:11.576 +0300;;;;;;;;;
1466;2022-03-23 18:50:11.576 +0300;;;;;;;;;
989;2022-03-23 18:50:11.576 +0300;;;;;;;;;
